{"cameraMode":{"drawMode":0,"name":"Shaded","section":"Shading Mode"},"sceneLighting":true,"audioPlay":false,"sceneViewState":{"m_AlwaysRefresh":false,"showFog":true,"showSkybox":true,"showFlares":true,"showImageEffects":true,"showParticleSystems":true,"showVisualEffectGraphs":true,"m_FxEnabled":true},"in2DMode":false,"pivot":{"x":-23.05925750732422,"y":-26.95472526550293,"z":-42.609004974365237},"rotation":{"x":0.05463101714849472,"y":-0.9443570375442505,"z":0.20603279769420625,"w":0.25050750374794009},"size":42.161903381347659,"orthographic":false}